{"cameraMode":{"drawMode":0,"name":"Shaded","section":"Shading Mode"},"sceneLighting":false,"audioPlay":false,"sceneViewState":{"showFog":true,"showMaterialUpdate":true,"showSkybox":true,"showFlares":true,"showImageEffects":true,"showParticleSystems":true},"in2DMode":false,"pivot":{"x":-3.460639715194702,"y":2.9793622493743898,"z":39.584632873535159},"rotation":{"x":0.15681366622447968,"y":0.06512852013111115,"z":-0.010364236310124398,"w":0.9854276180267334},"size":6.4961838722229,"orthographic":false}